<SOAP:Envelope xmlns:SOAP="http://schemas.xmlsoap.org/soap/envelope/"><SOAP:Body><air:LowFareSearchRsp TraceId="trace" TransactionId="8A8DFFA90A07643BACD9EBEE62F5C7CA" ResponseTime="24047" DistanceUnits="MI" CurrencyType="PKR" xmlns:air="http://www.travelport.com/schema/air_v42_0"><air:FlightDetailsList><air:FlightDetails Key="uG1M9B7Q2BKA0snOCAAAAA==" Origin="KHI" Destination="LHE" DepartureTime="2020-04-16T07:30:00.000+05:00" ArrivalTime="2020-04-16T09:15:00.000+05:00" FlightTime="105" TravelTime="105" Equipment="773"/><air:FlightDetails Key="uG1M9B7Q2BKAhtnOCAAAAA==" Origin="KHI" Destination="LHE" DepartureTime="2020-04-16T15:00:00.000+05:00" ArrivalTime="2020-04-16T16:45:00.000+05:00" FlightTime="105" TravelTime="105" Equipment="320"/><air:FlightDetails Key="uG1M9B7Q2BKADtnOCAAAAA==" Origin="KHI" Destination="LHE" DepartureTime="2020-04-16T21:30:00.000+05:00" ArrivalTime="2020-04-16T23:15:00.000+05:00" FlightTime="105" TravelTime="105" Equipment="777"/><air:FlightDetails Key="uG1M9B7Q2BKA3tnOCAAAAA==" Origin="KHI" Destination="ISB" DepartureTime="2020-04-16T16:00:00.000+05:00" ArrivalTime="2020-04-16T17:55:00.000+05:00" FlightTime="115" TravelTime="240" Equipment="320"/><air:FlightDetails Key="uG1M9B7Q2BKA5tnOCAAAAA==" Origin="ISB" Destination="LHE" DepartureTime="2020-04-16T19:00:00.000+05:00" ArrivalTime="2020-04-16T20:00:00.000+05:00" FlightTime="60" TravelTime="240" Equipment="ATR"/><air:FlightDetails Key="uG1M9B7Q2BKAuunOCAAAAA==" Origin="KHI" Destination="ISB" DepartureTime="2020-04-16T23:00:00.000+05:00" ArrivalTime="2020-04-17T00:55:00.000+05:00" FlightTime="115" TravelTime="675" Equipment="773"/><air:FlightDetails Key="uG1M9B7Q2BKAJunOCAAAAA==" Origin="ISB" Destination="LHE" DepartureTime="2020-04-17T09:15:00.000+05:00" ArrivalTime="2020-04-17T10:15:00.000+05:00" FlightTime="60" TravelTime="675" Equipment="ATR"/><air:FlightDetails Key="uG1M9B7Q2BKAGvnOCAAAAA==" Origin="KHI" Destination="ISB" DepartureTime="2020-04-16T07:00:00.000+05:00" ArrivalTime="2020-04-16T08:55:00.000+05:00" FlightTime="115" TravelTime="780" Equipment="772"/><air:FlightDetails Key="uG1M9B7Q2BKAevnOCAAAAA==" Origin="KHI" Destination="ISB" DepartureTime="2020-04-16T19:00:00.000+05:00" ArrivalTime="2020-04-16T20:55:00.000+05:00" FlightTime="115" TravelTime="915" Equipment="320"/></air:FlightDetailsList><air:AirSegmentList><air:AirSegment Key="uG1M9B7Q2BKAzsnOCAAAAA==" Group="0" Carrier="PK" FlightNumber="302" Origin="KHI" Destination="LHE" DepartureTime="2020-04-16T07:30:00.000+05:00" ArrivalTime="2020-04-16T09:15:00.000+05:00" FlightTime="105" Distance="636" ETicketability="Yes" Equipment="773" ChangeOfPlane="false" ParticipantLevel="Secure Sell" LinkAvailability="true" PolledAvailabilityOption="No polled avail exists" OptionalServicesIndicator="false" AvailabilitySource="A" AvailabilityDisplayType="Fare Shop/Optimal Shop"><air:AirAvailInfo ProviderCode="1G"/><air:FlightDetailsRef Key="uG1M9B7Q2BKA0snOCAAAAA=="/></air:AirSegment><air:AirSegment Key="uG1M9B7Q2BKAgtnOCAAAAA==" Group="0" Carrier="PK" FlightNumber="304" Origin="KHI" Destination="LHE" DepartureTime="2020-04-16T15:00:00.000+05:00" ArrivalTime="2020-04-16T16:45:00.000+05:00" FlightTime="105" Distance="636" ETicketability="Yes" Equipment="320" ChangeOfPlane="false" ParticipantLevel="Secure Sell" LinkAvailability="true" PolledAvailabilityOption="No polled avail exists" OptionalServicesIndicator="false" AvailabilitySource="A" AvailabilityDisplayType="Fare Shop/Optimal Shop"><air:AirAvailInfo ProviderCode="1G"/><air:FlightDetailsRef Key="uG1M9B7Q2BKAhtnOCAAAAA=="/></air:AirSegment><air:AirSegment Key="uG1M9B7Q2BKACtnOCAAAAA==" Group="0" Carrier="PK" FlightNumber="306" Origin="KHI" Destination="LHE" DepartureTime="2020-04-16T21:30:00.000+05:00" ArrivalTime="2020-04-16T23:15:00.000+05:00" FlightTime="105" Distance="636" ETicketability="Yes" Equipment="777" ChangeOfPlane="false" ParticipantLevel="Secure Sell" LinkAvailability="true" PolledAvailabilityOption="No polled avail exists" OptionalServicesIndicator="false" AvailabilitySource="A" AvailabilityDisplayType="Fare Shop/Optimal Shop"><air:AirAvailInfo ProviderCode="1G"/><air:FlightDetailsRef Key="uG1M9B7Q2BKADtnOCAAAAA=="/></air:AirSegment><air:AirSegment Key="uG1M9B7Q2BKA2tnOCAAAAA==" Group="0" Carrier="PK" FlightNumber="308" Origin="KHI" Destination="ISB" DepartureTime="2020-04-16T16:00:00.000+05:00" ArrivalTime="2020-04-16T17:55:00.000+05:00" FlightTime="115" Distance="689" ETicketability="Yes" Equipment="320" ChangeOfPlane="false" ParticipantLevel="Secure Sell" LinkAvailability="true" PolledAvailabilityOption="No polled avail exists" OptionalServicesIndicator="false" AvailabilitySource="A" AvailabilityDisplayType="Fare Shop/Optimal Shop"><air:AirAvailInfo ProviderCode="1G"/><air:FlightDetailsRef Key="uG1M9B7Q2BKA3tnOCAAAAA=="/></air:AirSegment><air:AirSegment Key="uG1M9B7Q2BKA4tnOCAAAAA==" Group="0" Carrier="PK" FlightNumber="653" Origin="ISB" Destination="LHE" DepartureTime="2020-04-16T19:00:00.000+05:00" ArrivalTime="2020-04-16T20:00:00.000+05:00" FlightTime="60" Distance="167" ETicketability="Yes" Equipment="ATR" ChangeOfPlane="false" ParticipantLevel="Secure Sell" LinkAvailability="true" PolledAvailabilityOption="No polled avail exists" OptionalServicesIndicator="false" AvailabilitySource="A" AvailabilityDisplayType="Fare Shop/Optimal Shop"><air:AirAvailInfo ProviderCode="1G"/><air:FlightDetailsRef Key="uG1M9B7Q2BKA5tnOCAAAAA=="/></air:AirSegment><air:AirSegment Key="uG1M9B7Q2BKAtunOCAAAAA==" Group="0" Carrier="PK" FlightNumber="372" Origin="KHI" Destination="ISB" DepartureTime="2020-04-16T23:00:00.000+05:00" ArrivalTime="2020-04-17T00:55:00.000+05:00" FlightTime="115" Distance="689" ETicketability="Yes" Equipment="773" ChangeOfPlane="false" ParticipantLevel="Secure Sell" LinkAvailability="true" PolledAvailabilityOption="No polled avail exists" OptionalServicesIndicator="false" AvailabilitySource="A" AvailabilityDisplayType="Fare Shop/Optimal Shop"><air:AirAvailInfo ProviderCode="1G"/><air:FlightDetailsRef Key="uG1M9B7Q2BKAuunOCAAAAA=="/></air:AirSegment><air:AirSegment Key="uG1M9B7Q2BKAIunOCAAAAA==" Group="0" Carrier="PK" FlightNumber="651" Origin="ISB" Destination="LHE" DepartureTime="2020-04-17T09:15:00.000+05:00" ArrivalTime="2020-04-17T10:15:00.000+05:00" FlightTime="60" Distance="167" ETicketability="Yes" Equipment="ATR" ChangeOfPlane="false" ParticipantLevel="Secure Sell" LinkAvailability="true" PolledAvailabilityOption="No polled avail exists" OptionalServicesIndicator="false" AvailabilitySource="A" AvailabilityDisplayType="Fare Shop/Optimal Shop"><air:AirAvailInfo ProviderCode="1G"/><air:FlightDetailsRef Key="uG1M9B7Q2BKAJunOCAAAAA=="/></air:AirSegment><air:AirSegment Key="uG1M9B7Q2BKAFvnOCAAAAA==" Group="0" Carrier="PK" FlightNumber="300" Origin="KHI" Destination="ISB" DepartureTime="2020-04-16T07:00:00.000+05:00" ArrivalTime="2020-04-16T08:55:00.000+05:00" FlightTime="115" Distance="689" ETicketability="Yes" Equipment="772" ChangeOfPlane="false" ParticipantLevel="Secure Sell" LinkAvailability="true" PolledAvailabilityOption="No polled avail exists" OptionalServicesIndicator="false" AvailabilitySource="A" AvailabilityDisplayType="Fare Shop/Optimal Shop"><air:AirAvailInfo ProviderCode="1G"/><air:FlightDetailsRef Key="uG1M9B7Q2BKAGvnOCAAAAA=="/></air:AirSegment><air:AirSegment Key="uG1M9B7Q2BKAdvnOCAAAAA==" Group="0" Carrier="PK" FlightNumber="370" Origin="KHI" Destination="ISB" DepartureTime="2020-04-16T19:00:00.000+05:00" ArrivalTime="2020-04-16T20:55:00.000+05:00" FlightTime="115" Distance="689" ETicketability="Yes" Equipment="320" ChangeOfPlane="false" ParticipantLevel="Secure Sell" LinkAvailability="true" PolledAvailabilityOption="No polled avail exists" OptionalServicesIndicator="false" AvailabilitySource="A" AvailabilityDisplayType="Fare Shop/Optimal Shop"><air:AirAvailInfo ProviderCode="1G"/><air:FlightDetailsRef Key="uG1M9B7Q2BKAevnOCAAAAA=="/></air:AirSegment></air:AirSegmentList><air:FareInfoList><air:FareInfo Key="uG1M9B7Q2BKAXtnOCAAAAA==" FareBasis="VOW1" PassengerTypeCode="INF" Origin="KHI" Destination="LHE" EffectiveDate="2020-02-28T11:49:00.000+05:00" DepartureDate="2020-04-16" Amount="PKR1250" NegotiatedFare="false" NotValidBefore="2020-04-16" NotValidAfter="2020-04-16"><air:BaggageAllowance><air:NumberOfPieces>0</air:NumberOfPieces><air:MaxWeight/></air:BaggageAllowance><air:FareRuleKey FareInfoRef="uG1M9B7Q2BKAXtnOCAAAAA==" ProviderCode="1G">gws-eJxNTssOwjAM+5jJdyejsGMPNOoYKkgI0C78/2eQZkMiUmIrdh45Z6WSqlP+jwGf4b7g+TgDDep5rQUTCXG+gqIFr9tbEOMHOXq7hbTh2E00seQAo3GTemCNutTZNbJvdRjRjyJaBH6kVKdtbiYpzKIp6WUXeYJ/+QXMRCpd</air:FareRuleKey><air:Brand Key="uG1M9B7Q2BKA3vnOCAAAAA==" BrandFound="false"/></air:FareInfo><air:FareInfo Key="uG1M9B7Q2BKAKtnOCAAAAA==" FareBasis="VOW1" PassengerTypeCode="CNN" Origin="KHI" Destination="LHE" EffectiveDate="2020-02-28T11:49:00.000+05:00" DepartureDate="2020-04-16" Amount="PKR8710" NegotiatedFare="false" NotValidBefore="2020-04-16" NotValidAfter="2020-04-16"><air:BaggageAllowance><air:MaxWeight Value="20" Unit="Kilograms"/></air:BaggageAllowance><air:FareRuleKey FareInfoRef="uG1M9B7Q2BKAKtnOCAAAAA==" ProviderCode="1G">gws-eJxNTssKwkAM/Jgy90kwbY8LustqyyqISi/+/2eYbBUMJDPJ5JVSUiqpOqd/G/Aebgse9xPQoO5rzbCRhHiygaIZz+tL0OcPMnq5dWlHjSYWKeaAwsJdCsPW41LPrrFvdVTEVQT1An4kV6ft2JpY5LOomV6+Iif4mx/1ZSqT</air:FareRuleKey><air:Brand Key="uG1M9B7Q2BKA5vnOCAAAAA==" BrandFound="false"/></air:FareInfo><air:FareInfo Key="uG1M9B7Q2BKA7snOCAAAAA==" FareBasis="VOW1" PassengerTypeCode="ADT" Origin="KHI" Destination="LHE" EffectiveDate="2020-02-28T11:49:00.000+05:00" DepartureDate="2020-04-16" Amount="PKR11660" NegotiatedFare="false" NotValidBefore="2020-04-16" NotValidAfter="2020-04-16"><air:BaggageAllowance><air:MaxWeight Value="20" Unit="Kilograms"/></air:BaggageAllowance><air:FareRuleKey FareInfoRef="uG1M9B7Q2BKA7snOCAAAAA==" ProviderCode="1G">gws-eJxNTssKwkAM/Jgy90kwtscVustqZRV80Yv//xkmWwUDyUwyeaWUlEqqTunfBryH64LHbQYa1P1cM0YjIZ6soGjG8/IS9Pmd7L3curShRBOLFHNAYeEmhWHtcalH19i3OgriKoJ6AT+Sq9N2mO9ikU+iZnr6ihzhb34A9OsqjQ==</air:FareRuleKey><air:Brand Key="uG1M9B7Q2BKA7vnOCAAAAA==" BrandFound="false"/></air:FareInfo><air:FareInfo Key="uG1M9B7Q2BKAhunOCAAAAA==" FareBasis="VOW1" PassengerTypeCode="INF" Origin="KHI" Destination="ISB" EffectiveDate="2020-02-28T11:49:00.000+05:00" DepartureDate="2020-04-16" Amount="PKR1170" NegotiatedFare="false" NotValidBefore="2020-04-16" NotValidAfter="2020-04-16"><air:BaggageAllowance><air:NumberOfPieces>0</air:NumberOfPieces><air:MaxWeight/></air:BaggageAllowance><air:FareRuleKey FareInfoRef="uG1M9B7Q2BKAhunOCAAAAA==" ProviderCode="1G">gws-eJxNTssKwkAM/Jgy90nq1h4XsaHbwioUlV78/88wmyoYSGbITB45Z6WSqmP+jw7v7r7isV2BCvUs2wUjCXG+g6ITnreXIMZPMni7hnRg30w0seQAo/GQWmCPus7FNbJtdejRjiJaBH5kmp3WUk1SmEVT0uUr8gz/8gPPRipi</air:FareRuleKey><air:Brand Key="uG1M9B7Q2BKA9vnOCAAAAA==" BrandFound="false"/></air:FareInfo><air:FareInfo Key="uG1M9B7Q2BKAnunOCAAAAA==" FareBasis="VOW2" PassengerTypeCode="INF" Origin="ISB" Destination="LHE" EffectiveDate="2020-02-28T11:49:00.000+05:00" DepartureDate="2020-04-16" Amount="PKR700" NegotiatedFare="false" NotValidBefore="2020-04-16" NotValidAfter="2020-04-16"><air:BaggageAllowance><air:NumberOfPieces>0</air:NumberOfPieces><air:MaxWeight/></air:BaggageAllowance><air:FareRuleKey FareInfoRef="uG1M9B7Q2BKAnunOCAAAAA==" ProviderCode="1G">gws-eJxNTkEKwkAMfEyZ+yTd1R4XcZcWJQpFpRf//wyzsYKBZCaZCUkpRamk6lT+Y8B7uF/wWM+AQT2vc0Uig2+gaMXz9lLEepKDjy2kL47dxCYtO6CxMaTNPPa6rCfXfNkNDiP6UcSIwI/U2akt1iT3fhLNOXEXeYR/+QHM6ipM</air:FareRuleKey><air:Brand Key="uG1M9B7Q2BKA/vnOCAAAAA==" BrandFound="false"/></air:FareInfo><air:FareInfo Key="uG1M9B7Q2BKARunOCAAAAA==" FareBasis="VOW1" PassengerTypeCode="CNN" Origin="KHI" Destination="ISB" EffectiveDate="2020-02-28T11:49:00.000+05:00" DepartureDate="2020-04-16" Amount="PKR8740" NegotiatedFare="false" NotValidBefore="2020-04-16" NotValidAfter="2020-04-16"><air:BaggageAllowance><air:MaxWeight Value="20" Unit="Kilograms"/></air:BaggageAllowance><air:FareRuleKey FareInfoRef="uG1M9B7Q2BKARunOCAAAAA==" ProviderCode="1G">gws-eJxNTksKwlAMPEyZ/SSY2uVD7aO1EIWi0o33P4bJq4KBZCaZ/EopSiVVh/JvHd7dfcFjvQAODZ/XE6wnIZFsoOiI5+0laPMH6aPsTdpRs4lVqgWgsnKX0rC1uExzaGxbAxV5FUmjgB8Zp6B+dhfLfBA10+tX5BHx5gf4bCqY</air:FareRuleKey><air:Brand Key="uG1M9B7Q2BKABwnOCAAAAA==" BrandFound="false"/></air:FareInfo><air:FareInfo Key="uG1M9B7Q2BKAXunOCAAAAA==" FareBasis="VOW2" PassengerTypeCode="CNN" Origin="ISB" Destination="LHE" EffectiveDate="2020-02-28T11:49:00.000+05:00" DepartureDate="2020-04-16" Amount="PKR4630" NegotiatedFare="false" NotValidBefore="2020-04-16" NotValidAfter="2020-04-16"><air:BaggageAllowance><air:MaxWeight Value="20" Unit="Kilograms"/></air:BaggageAllowance><air:FareRuleKey FareInfoRef="uG1M9B7Q2BKAXunOCAAAAA==" ProviderCode="1G">gws-eJxNTssKwkAM/Jgy99nY1R4XdZeKEoXSSi/+/2eYpBYMJDPJ5FVKEQopMpR/6/DpXnfM0xVQiPljrDiQjGQFk1Qsz7cg5vt0tLKGtKF4E1tq2QCNjZvkhjXibTqbxthqLvCrcGoF7KSORvWimrLnQ5Kce/5EnmBvfgHvACpv</air:FareRuleKey><air:Brand Key="uG1M9B7Q2BKADwnOCAAAAA==" BrandFound="false"/></air:FareInfo><air:FareInfo Key="uG1M9B7Q2BKA/tnOCAAAAA==" FareBasis="VOW1" PassengerTypeCode="ADT" Origin="KHI" Destination="ISB" EffectiveDate="2020-02-28T11:49:00.000+05:00" DepartureDate="2020-04-16" Amount="PKR11660" NegotiatedFare="false" NotValidBefore="2020-04-16" NotValidAfter="2020-04-16"><air:BaggageAllowance><air:MaxWeight Value="20" Unit="Kilograms"/></air:BaggageAllowance><air:FareRuleKey FareInfoRef="uG1M9B7Q2BKA/tnOCAAAAA==" ProviderCode="1G">gws-eJxNTssKg0AM/BiZ+yQ01eO26KIVVsE+8NL//4wmawsNJDPJ5JVSUiqp2qV/a/Bu1hmPrQcK1H3armiNhHiyg6IDnstLUOdPcvZyqdKBEk3Mks0BmZmHFIa9xnmcXGPd6iiIqwjqBfzIMDotl/4uFnknaqa3r8gW/uYH9/Iqkg==</air:FareRuleKey><air:Brand Key="uG1M9B7Q2BKAFwnOCAAAAA==" BrandFound="false"/></air:FareInfo><air:FareInfo Key="uG1M9B7Q2BKAFunOCAAAAA==" FareBasis="VOW2" PassengerTypeCode="ADT" Origin="ISB" Destination="LHE" EffectiveDate="2020-02-28T11:49:00.000+05:00" DepartureDate="2020-04-16" Amount="PKR6210" NegotiatedFare="false" NotValidBefore="2020-04-16" NotValidAfter="2020-04-16"><air:BaggageAllowance><air:MaxWeight Value="20" Unit="Kilograms"/></air:BaggageAllowance><air:FareRuleKey FareInfoRef="uG1M9B7Q2BKAFunOCAAAAA==" ProviderCode="1G">gws-eJxNTssKwkAM/Jgy90nY1R5X6S4VZRXqg178/88wSRUMJDPJ5FVKUSqpOpZ/G/Aebmc8lgnoUPPLXJFIRrKCohXP60sR80l2Vu4hbSjexCYtG6CxcZPcsEY8LUfTGFvNBX4VTq2AH6mz0X6Y7pI9H0VzTvyK3MPe/ADuhCpp</air:FareRuleKey><air:Brand Key="uG1M9B7Q2BKAHwnOCAAAAA==" BrandFound="false"/></air:FareInfo></air:FareInfoList><air:RouteList><air:Route Key="uG1M9B7Q2BKA1vnOCAAAAA=="><air:Leg Key="uG1M9B7Q2BKA1snOCAAAAA==" Group="0" Origin="KHI" Destination="LHE"/></air:Route></air:RouteList><air:AirPricingSolution Key="uG1M9B7Q2BKAysnOCAAAAA==" TotalPrice="PKR27569" BasePrice="USD139.00" ApproximateTotalPrice="PKR27569" ApproximateBasePrice="PKR21620" EquivalentBasePrice="PKR21620" Taxes="PKR5949" ApproximateTaxes="PKR5949"><air:Journey TravelTime="P0DT1H45M0S"><air:AirSegmentRef Key="uG1M9B7Q2BKAzsnOCAAAAA=="/></air:Journey><air:LegRef Key="uG1M9B7Q2BKA1snOCAAAAA=="/><air:AirPricingInfo Key="uG1M9B7Q2BKA2snOCAAAAA==" TotalPrice="PKR13866" BasePrice="USD75.00" ApproximateTotalPrice="PKR13866" ApproximateBasePrice="PKR11660" EquivalentBasePrice="PKR11660" Taxes="PKR2206" ApproximateTaxes="PKR2206" LatestTicketingTime="2020-04-16T23:59:00.000+08:00" PricingMethod="Guaranteed" Refundable="true" ETicketability="Yes" PlatingCarrier="PK" ProviderCode="1G" Cat35Indicator="false"><air:FareInfoRef Key="uG1M9B7Q2BKA7snOCAAAAA=="/><air:BookingInfo BookingCode="V" BookingCount="9" CabinClass="Economy" FareInfoRef="uG1M9B7Q2BKA7snOCAAAAA==" SegmentRef="uG1M9B7Q2BKAzsnOCAAAAA=="/><air:TaxInfo Category="N9" Amount="PKR25" Key="uG1M9B7Q2BKA3snOCAAAAAAA"/><air:TaxInfo Category="PK" Amount="PKR1500" Key="uG1M9B7Q2BKA4snOCAAAAAAA"/><air:TaxInfo Category="YI" Amount="PKR20" Key="uG1M9B7Q2BKA5snOCAAAAAAA"/><air:TaxInfo Category="PB" Amount="PKR661" Key="uG1M9B7Q2BKA6snOCAAAAAAA"/><air:FareCalc>KHI PK LHE 75.00VOW1 USD75.00END</air:FareCalc><air:PassengerType Code="ADT"/><air:ChangePenalty><air:Amount>PKR2490.0</air:Amount></air:ChangePenalty><air:CancelPenalty><air:Amount>PKR2490.0</air:Amount></air:CancelPenalty></air:AirPricingInfo><air:AirPricingInfo Key="uG1M9B7Q2BKAFtnOCAAAAA==" TotalPrice="PKR10768" BasePrice="USD56.00" ApproximateTotalPrice="PKR10768" ApproximateBasePrice="PKR8710" EquivalentBasePrice="PKR8710" Taxes="PKR2058" ApproximateTaxes="PKR2058" LatestTicketingTime="2020-04-16T23:59:00.000+08:00" PricingMethod="Guaranteed" Refundable="true" ETicketability="Yes" PlatingCarrier="PK" ProviderCode="1G" Cat35Indicator="false"><air:FareInfoRef Key="uG1M9B7Q2BKAKtnOCAAAAA=="/><air:BookingInfo BookingCode="V" BookingCount="9" CabinClass="Economy" FareInfoRef="uG1M9B7Q2BKAKtnOCAAAAA==" SegmentRef="uG1M9B7Q2BKAzsnOCAAAAA=="/><air:TaxInfo Category="N9" Amount="PKR25" Key="uG1M9B7Q2BKAGtnOCAAAAAAA"/><air:TaxInfo Category="PK" Amount="PKR1500" Key="uG1M9B7Q2BKAHtnOCAAAAAAA"/><air:TaxInfo Category="YI" Amount="PKR20" Key="uG1M9B7Q2BKAItnOCAAAAAAA"/><air:TaxInfo Category="PB" Amount="PKR513" Key="uG1M9B7Q2BKAJtnOCAAAAAAA"/><air:FareCalc>KHI PK LHE 56.00VOW1CH USD56.00END</air:FareCalc><air:PassengerType Code="CNN" Age="11"/><air:ChangePenalty><air:Amount>PKR2490.0</air:Amount></air:ChangePenalty><air:CancelPenalty><air:Amount>PKR2490.0</air:Amount></air:CancelPenalty></air:AirPricingInfo><air:AirPricingInfo Key="uG1M9B7Q2BKAStnOCAAAAA==" TotalPrice="PKR2935" BasePrice="USD8.00" ApproximateTotalPrice="PKR2935" ApproximateBasePrice="PKR1250" EquivalentBasePrice="PKR1250" Taxes="PKR1685" ApproximateTaxes="PKR1685" LatestTicketingTime="2020-04-16T23:59:00.000+08:00" PricingMethod="Guaranteed" Refundable="true" ETicketability="Yes" PlatingCarrier="PK" ProviderCode="1G" Cat35Indicator="false"><air:FareInfoRef Key="uG1M9B7Q2BKAXtnOCAAAAA=="/><air:BookingInfo BookingCode="V" BookingCount="9" CabinClass="Economy" FareInfoRef="uG1M9B7Q2BKAXtnOCAAAAA==" SegmentRef="uG1M9B7Q2BKAzsnOCAAAAA=="/><air:TaxInfo Category="N9" Amount="PKR25" Key="uG1M9B7Q2BKATtnOCAAAAAAA"/><air:TaxInfo Category="PK" Amount="PKR1500" Key="uG1M9B7Q2BKAUtnOCAAAAAAA"/><air:TaxInfo Category="YI" Amount="PKR20" Key="uG1M9B7Q2BKAVtnOCAAAAAAA"/><air:TaxInfo Category="PB" Amount="PKR140" Key="uG1M9B7Q2BKAWtnOCAAAAAAA"/><air:FareCalc>KHI PK LHE 8.00VOW1IN USD8.00END</air:FareCalc><air:PassengerType Code="INF" Age="1"/><air:ChangePenalty><air:Amount>PKR2490.0</air:Amount></air:ChangePenalty><air:CancelPenalty><air:Amount>PKR2490.0</air:Amount></air:CancelPenalty></air:AirPricingInfo></air:AirPricingSolution><air:AirPricingSolution Key="uG1M9B7Q2BKAftnOCAAAAA==" TotalPrice="PKR27569" BasePrice="USD139.00" ApproximateTotalPrice="PKR27569" ApproximateBasePrice="PKR21620" EquivalentBasePrice="PKR21620" Taxes="PKR5949" ApproximateTaxes="PKR5949"><air:Journey TravelTime="P0DT1H45M0S"><air:AirSegmentRef Key="uG1M9B7Q2BKAgtnOCAAAAA=="/></air:Journey><air:LegRef Key="uG1M9B7Q2BKA1snOCAAAAA=="/><air:AirPricingInfo Key="uG1M9B7Q2BKAitnOCAAAAA==" TotalPrice="PKR13866" BasePrice="USD75.00" ApproximateTotalPrice="PKR13866" ApproximateBasePrice="PKR11660" EquivalentBasePrice="PKR11660" Taxes="PKR2206" ApproximateTaxes="PKR2206" LatestTicketingTime="2020-04-16T23:59:00.000+08:00" PricingMethod="Guaranteed" Refundable="true" ETicketability="Yes" PlatingCarrier="PK" ProviderCode="1G" Cat35Indicator="false"><air:FareInfoRef Key="uG1M9B7Q2BKA7snOCAAAAA=="/><air:BookingInfo BookingCode="V" BookingCount="9" CabinClass="Economy" FareInfoRef="uG1M9B7Q2BKA7snOCAAAAA==" SegmentRef="uG1M9B7Q2BKAgtnOCAAAAA=="/><air:TaxInfo Category="N9" Amount="PKR25" Key="uG1M9B7Q2BKAjtnOCAAAAAAA"/><air:TaxInfo Category="PK" Amount="PKR1500" Key="uG1M9B7Q2BKAktnOCAAAAAAA"/><air:TaxInfo Category="YI" Amount="PKR20" Key="uG1M9B7Q2BKAltnOCAAAAAAA"/><air:TaxInfo Category="PB" Amount="PKR661" Key="uG1M9B7Q2BKAmtnOCAAAAAAA"/><air:FareCalc>KHI PK LHE 75.00VOW1 USD75.00END</air:FareCalc><air:PassengerType Code="ADT"/><air:ChangePenalty><air:Amount>PKR2490.0</air:Amount></air:ChangePenalty><air:CancelPenalty><air:Amount>PKR2490.0</air:Amount></air:CancelPenalty></air:AirPricingInfo><air:AirPricingInfo Key="uG1M9B7Q2BKAotnOCAAAAA==" TotalPrice="PKR10768" BasePrice="USD56.00" ApproximateTotalPrice="PKR10768" ApproximateBasePrice="PKR8710" EquivalentBasePrice="PKR8710" Taxes="PKR2058" ApproximateTaxes="PKR2058" LatestTicketingTime="2020-04-16T23:59:00.000+08:00" PricingMethod="Guaranteed" Refundable="true" ETicketability="Yes" PlatingCarrier="PK" ProviderCode="1G" Cat35Indicator="false"><air:FareInfoRef Key="uG1M9B7Q2BKAKtnOCAAAAA=="/><air:BookingInfo BookingCode="V" BookingCount="9" CabinClass="Economy" FareInfoRef="uG1M9B7Q2BKAKtnOCAAAAA==" SegmentRef="uG1M9B7Q2BKAgtnOCAAAAA=="/><air:TaxInfo Category="N9" Amount="PKR25" Key="uG1M9B7Q2BKAptnOCAAAAAAA"/><air:TaxInfo Category="PK" Amount="PKR1500" Key="uG1M9B7Q2BKAqtnOCAAAAAAA"/><air:TaxInfo Category="YI" Amount="PKR20" Key="uG1M9B7Q2BKArtnOCAAAAAAA"/><air:TaxInfo Category="PB" Amount="PKR513" Key="uG1M9B7Q2BKAstnOCAAAAAAA"/><air:FareCalc>KHI PK LHE 56.00VOW1CH USD56.00END</air:FareCalc><air:PassengerType Code="CNN" Age="11"/><air:ChangePenalty><air:Amount>PKR2490.0</air:Amount></air:ChangePenalty><air:CancelPenalty><air:Amount>PKR2490.0</air:Amount></air:CancelPenalty></air:AirPricingInfo><air:AirPricingInfo Key="uG1M9B7Q2BKAutnOCAAAAA==" TotalPrice="PKR2935" BasePrice="USD8.00" ApproximateTotalPrice="PKR2935" ApproximateBasePrice="PKR1250" EquivalentBasePrice="PKR1250" Taxes="PKR1685" ApproximateTaxes="PKR1685" LatestTicketingTime="2020-04-16T23:59:00.000+08:00" PricingMethod="Guaranteed" Refundable="true" ETicketability="Yes" PlatingCarrier="PK" ProviderCode="1G" Cat35Indicator="false"><air:FareInfoRef Key="uG1M9B7Q2BKAXtnOCAAAAA=="/><air:BookingInfo BookingCode="V" BookingCount="9" CabinClass="Economy" FareInfoRef="uG1M9B7Q2BKAXtnOCAAAAA==" SegmentRef="uG1M9B7Q2BKAgtnOCAAAAA=="/><air:TaxInfo Category="N9" Amount="PKR25" Key="uG1M9B7Q2BKAvtnOCAAAAAAA"/><air:TaxInfo Category="PK" Amount="PKR1500" Key="uG1M9B7Q2BKAwtnOCAAAAAAA"/><air:TaxInfo Category="YI" Amount="PKR20" Key="uG1M9B7Q2BKAxtnOCAAAAAAA"/><air:TaxInfo Category="PB" Amount="PKR140" Key="uG1M9B7Q2BKAytnOCAAAAAAA"/><air:FareCalc>KHI PK LHE 8.00VOW1IN USD8.00END</air:FareCalc><air:PassengerType Code="INF" Age="1"/><air:ChangePenalty><air:Amount>PKR2490.0</air:Amount></air:ChangePenalty><air:CancelPenalty><air:Amount>PKR2490.0</air:Amount></air:CancelPenalty></air:AirPricingInfo></air:AirPricingSolution><air:AirPricingSolution Key="uG1M9B7Q2BKA0tnOCAAAAA==" TotalPrice="PKR27569" BasePrice="USD139.00" ApproximateTotalPrice="PKR27569" ApproximateBasePrice="PKR21620" EquivalentBasePrice="PKR21620" Taxes="PKR5949" ApproximateTaxes="PKR5949"><air:Journey TravelTime="P0DT1H45M0S"><air:AirSegmentRef Key="uG1M9B7Q2BKACtnOCAAAAA=="/></air:Journey><air:LegRef Key="uG1M9B7Q2BKA1snOCAAAAA=="/><air:AirPricingInfo Key="uG1M9B7Q2BKA8snOCAAAAA==" TotalPrice="PKR13866" BasePrice="USD75.00" ApproximateTotalPrice="PKR13866" ApproximateBasePrice="PKR11660" EquivalentBasePrice="PKR11660" Taxes="PKR2206" ApproximateTaxes="PKR2206" LatestTicketingTime="2020-04-16T23:59:00.000+08:00" PricingMethod="Guaranteed" Refundable="true" ETicketability="Yes" PlatingCarrier="PK" ProviderCode="1G" Cat35Indicator="false"><air:FareInfoRef Key="uG1M9B7Q2BKA7snOCAAAAA=="/><air:BookingInfo BookingCode="V" BookingCount="9" CabinClass="Economy" FareInfoRef="uG1M9B7Q2BKA7snOCAAAAA==" SegmentRef="uG1M9B7Q2BKACtnOCAAAAA=="/><air:TaxInfo Category="N9" Amount="PKR25" Key="uG1M9B7Q2BKA9snOCAAAAAAA"/><air:TaxInfo Category="PK" Amount="PKR1500" Key="uG1M9B7Q2BKA-snOCAAAAAAA"/><air:TaxInfo Category="YI" Amount="PKR20" Key="uG1M9B7Q2BKA/snOCAAAAAAA"/><air:TaxInfo Category="PB" Amount="PKR661" Key="uG1M9B7Q2BKAAtnOCAAAAAAA"/><air:FareCalc>KHI PK LHE 75.00VOW1 USD75.00END</air:FareCalc><air:PassengerType Code="ADT"/><air:ChangePenalty><air:Amount>PKR2490.0</air:Amount></air:ChangePenalty><air:CancelPenalty><air:Amount>PKR2490.0</air:Amount></air:CancelPenalty></air:AirPricingInfo><air:AirPricingInfo Key="uG1M9B7Q2BKALtnOCAAAAA==" TotalPrice="PKR10768" BasePrice="USD56.00" ApproximateTotalPrice="PKR10768" ApproximateBasePrice="PKR8710" EquivalentBasePrice="PKR8710" Taxes="PKR2058" ApproximateTaxes="PKR2058" LatestTicketingTime="2020-04-16T23:59:00.000+08:00" PricingMethod="Guaranteed" Refundable="true" ETicketability="Yes" PlatingCarrier="PK" ProviderCode="1G" Cat35Indicator="false"><air:FareInfoRef Key="uG1M9B7Q2BKAKtnOCAAAAA=="/><air:BookingInfo BookingCode="V" BookingCount="9" CabinClass="Economy" FareInfoRef="uG1M9B7Q2BKAKtnOCAAAAA==" SegmentRef="uG1M9B7Q2BKACtnOCAAAAA=="/><air:TaxInfo Category="N9" Amount="PKR25" Key="uG1M9B7Q2BKAMtnOCAAAAAAA"/><air:TaxInfo Category="PK" Amount="PKR1500" Key="uG1M9B7Q2BKANtnOCAAAAAAA"/><air:TaxInfo Category="YI" Amount="PKR20" Key="uG1M9B7Q2BKAOtnOCAAAAAAA"/><air:TaxInfo Category="PB" Amount="PKR513" Key="uG1M9B7Q2BKAPtnOCAAAAAAA"/><air:FareCalc>KHI PK LHE 56.00VOW1CH USD56.00END</air:FareCalc><air:PassengerType Code="CNN" Age="11"/><air:ChangePenalty><air:Amount>PKR2490.0</air:Amount></air:ChangePenalty><air:CancelPenalty><air:Amount>PKR2490.0</air:Amount></air:CancelPenalty></air:AirPricingInfo><air:AirPricingInfo Key="uG1M9B7Q2BKAYtnOCAAAAA==" TotalPrice="PKR2935" BasePrice="USD8.00" ApproximateTotalPrice="PKR2935" ApproximateBasePrice="PKR1250" EquivalentBasePrice="PKR1250" Taxes="PKR1685" ApproximateTaxes="PKR1685" LatestTicketingTime="2020-04-16T23:59:00.000+08:00" PricingMethod="Guaranteed" Refundable="true" ETicketability="Yes" PlatingCarrier="PK" ProviderCode="1G" Cat35Indicator="false"><air:FareInfoRef Key="uG1M9B7Q2BKAXtnOCAAAAA=="/><air:BookingInfo BookingCode="V" BookingCount="9" CabinClass="Economy" FareInfoRef="uG1M9B7Q2BKAXtnOCAAAAA==" SegmentRef="uG1M9B7Q2BKACtnOCAAAAA=="/><air:TaxInfo Category="N9" Amount="PKR25" Key="uG1M9B7Q2BKAZtnOCAAAAAAA"/><air:TaxInfo Category="PK" Amount="PKR1500" Key="uG1M9B7Q2BKAatnOCAAAAAAA"/><air:TaxInfo Category="YI" Amount="PKR20" Key="uG1M9B7Q2BKAbtnOCAAAAAAA"/><air:TaxInfo Category="PB" Amount="PKR140" Key="uG1M9B7Q2BKActnOCAAAAAAA"/><air:FareCalc>KHI PK LHE 8.00VOW1IN USD8.00END</air:FareCalc><air:PassengerType Code="INF" Age="1"/><air:ChangePenalty><air:Amount>PKR2490.0</air:Amount></air:ChangePenalty><air:CancelPenalty><air:Amount>PKR2490.0</air:Amount></air:CancelPenalty></air:AirPricingInfo></air:AirPricingSolution><air:AirPricingSolution Key="uG1M9B7Q2BKA1tnOCAAAAA==" TotalPrice="PKR42534" BasePrice="USD213.00" ApproximateTotalPrice="PKR42534" ApproximateBasePrice="PKR33110" EquivalentBasePrice="PKR33110" Taxes="PKR9424" ApproximateTaxes="PKR9424"><air:Journey TravelTime="P0DT4H0M0S"><air:AirSegmentRef Key="uG1M9B7Q2BKA2tnOCAAAAA=="/><air:AirSegmentRef Key="uG1M9B7Q2BKA4tnOCAAAAA=="/></air:Journey><air:LegRef Key="uG1M9B7Q2BKA1snOCAAAAA=="/><air:AirPricingInfo Key="uG1M9B7Q2BKA6tnOCAAAAA==" TotalPrice="PKR21353" BasePrice="USD115.00" ApproximateTotalPrice="PKR21353" ApproximateBasePrice="PKR17870" EquivalentBasePrice="PKR17870" Taxes="PKR3483" ApproximateTaxes="PKR3483" LatestTicketingTime="2020-04-16T23:59:00.000+08:00" PricingMethod="Guaranteed" Refundable="true" ETicketability="Yes" PlatingCarrier="PK" ProviderCode="1G" Cat35Indicator="false"><air:FareInfoRef Key="uG1M9B7Q2BKA/tnOCAAAAA=="/><air:FareInfoRef Key="uG1M9B7Q2BKAFunOCAAAAA=="/><air:BookingInfo BookingCode="V" BookingCount="9" CabinClass="Economy" FareInfoRef="uG1M9B7Q2BKA/tnOCAAAAA==" SegmentRef="uG1M9B7Q2BKA2tnOCAAAAA=="/><air:BookingInfo BookingCode="V" BookingCount="9" CabinClass="Economy" FareInfoRef="uG1M9B7Q2BKAFunOCAAAAA==" SegmentRef="uG1M9B7Q2BKA4tnOCAAAAA=="/><air:TaxInfo Category="N9" Amount="PKR25" Key="uG1M9B7Q2BKA7tnOCAAAAAAA"/><air:TaxInfo Category="PK" Amount="PKR2400" Key="uG1M9B7Q2BKA8tnOCAAAAAAA"/><air:TaxInfo Category="YI" Amount="PKR40" Key="uG1M9B7Q2BKA9tnOCAAAAAAA"/><air:TaxInfo Category="PB" Amount="PKR1018" Key="uG1M9B7Q2BKA-tnOCAAAAAAA"/><air:FareCalc>KHI PK ISB 75.00VOW1 PK LHE 40.00VOW2 USD115.00END</air:FareCalc><air:PassengerType Code="ADT"/><air:ChangePenalty><air:Amount>PKR2490.0</air:Amount></air:ChangePenalty><air:CancelPenalty><air:Amount>PKR2490.0</air:Amount></air:CancelPenalty></air:AirPricingInfo><air:AirPricingInfo Key="uG1M9B7Q2BKAMunOCAAAAA==" TotalPrice="PKR16628" BasePrice="USD86.00" ApproximateTotalPrice="PKR16628" ApproximateBasePrice="PKR13370" EquivalentBasePrice="PKR13370" Taxes="PKR3258" ApproximateTaxes="PKR3258" LatestTicketingTime="2020-04-16T23:59:00.000+08:00" PricingMethod="Guaranteed" Refundable="true" ETicketability="Yes" PlatingCarrier="PK" ProviderCode="1G" Cat35Indicator="false"><air:FareInfoRef Key="uG1M9B7Q2BKARunOCAAAAA=="/><air:FareInfoRef Key="uG1M9B7Q2BKAXunOCAAAAA=="/><air:BookingInfo BookingCode="V" BookingCount="9" CabinClass="Economy" FareInfoRef="uG1M9B7Q2BKARunOCAAAAA==" SegmentRef="uG1M9B7Q2BKA2tnOCAAAAA=="/><air:BookingInfo BookingCode="V" BookingCount="9" CabinClass="Economy" FareInfoRef="uG1M9B7Q2BKAXunOCAAAAA==" SegmentRef="uG1M9B7Q2BKA4tnOCAAAAA=="/><air:TaxInfo Category="N9" Amount="PKR25" Key="uG1M9B7Q2BKANunOCAAAAAAA"/><air:TaxInfo Category="PK" Amount="PKR2400" Key="uG1M9B7Q2BKAOunOCAAAAAAA"/><air:TaxInfo Category="YI" Amount="PKR40" Key="uG1M9B7Q2BKAPunOCAAAAAAA"/><air:TaxInfo Category="PB" Amount="PKR793" Key="uG1M9B7Q2BKAQunOCAAAAAAA"/><air:FareCalc>KHI PK ISB 56.00VOW1CH PK LHE 30.00VOW2CH USD86.00END</air:FareCalc><air:PassengerType Code="CNN" Age="11"/><air:ChangePenalty><air:Amount>PKR2490.0</air:Amount></air:ChangePenalty><air:CancelPenalty><air:Amount>PKR2490.0</air:Amount></air:CancelPenalty></air:AirPricingInfo><air:AirPricingInfo Key="uG1M9B7Q2BKAcunOCAAAAA==" TotalPrice="PKR4553" BasePrice="USD12.00" ApproximateTotalPrice="PKR4553" ApproximateBasePrice="PKR1870" EquivalentBasePrice="PKR1870" Taxes="PKR2683" ApproximateTaxes="PKR2683" LatestTicketingTime="2020-04-16T23:59:00.000+08:00" PricingMethod="Guaranteed" Refundable="true" ETicketability="Yes" PlatingCarrier="PK" ProviderCode="1G" Cat35Indicator="false"><air:FareInfoRef Key="uG1M9B7Q2BKAhunOCAAAAA=="/><air:FareInfoRef Key="uG1M9B7Q2BKAnunOCAAAAA=="/><air:BookingInfo BookingCode="V" BookingCount="9" CabinClass="Economy" FareInfoRef="uG1M9B7Q2BKAhunOCAAAAA==" SegmentRef="uG1M9B7Q2BKA2tnOCAAAAA=="/><air:BookingInfo BookingCode="V" BookingCount="9" CabinClass="Economy" FareInfoRef="uG1M9B7Q2BKAnunOCAAAAA==" SegmentRef="uG1M9B7Q2BKA4tnOCAAAAA=="/><air:TaxInfo Category="N9" Amount="PKR25" Key="uG1M9B7Q2BKAdunOCAAAAAAA"/><air:TaxInfo Category="PK" Amount="PKR2400" Key="uG1M9B7Q2BKAeunOCAAAAAAA"/><air:TaxInfo Category="YI" Amount="PKR40" Key="uG1M9B7Q2BKAfunOCAAAAAAA"/><air:TaxInfo Category="PB" Amount="PKR218" Key="uG1M9B7Q2BKAgunOCAAAAAAA"/><air:FareCalc>KHI PK ISB 8.00VOW1IN PK LHE 4.00VOW2IN USD12.00END</air:FareCalc><air:PassengerType Code="INF" Age="1"/><air:ChangePenalty><air:Amount>PKR2490.0</air:Amount></air:ChangePenalty><air:CancelPenalty><air:Amount>PKR2490.0</air:Amount></air:CancelPenalty></air:AirPricingInfo><air:Connection SegmentIndex="0"/></air:AirPricingSolution><air:AirPricingSolution Key="uG1M9B7Q2BKAsunOCAAAAA==" TotalPrice="PKR42534" BasePrice="USD213.00" ApproximateTotalPrice="PKR42534" ApproximateBasePrice="PKR33110" EquivalentBasePrice="PKR33110" Taxes="PKR9424" ApproximateTaxes="PKR9424"><air:Journey TravelTime="P0DT11H15M0S"><air:AirSegmentRef Key="uG1M9B7Q2BKAtunOCAAAAA=="/><air:AirSegmentRef Key="uG1M9B7Q2BKAIunOCAAAAA=="/></air:Journey><air:LegRef Key="uG1M9B7Q2BKA1snOCAAAAA=="/><air:AirPricingInfo Key="uG1M9B7Q2BKAvunOCAAAAA==" TotalPrice="PKR21353" BasePrice="USD115.00" ApproximateTotalPrice="PKR21353" ApproximateBasePrice="PKR17870" EquivalentBasePrice="PKR17870" Taxes="PKR3483" ApproximateTaxes="PKR3483" LatestTicketingTime="2020-04-16T23:59:00.000+08:00" PricingMethod="Guaranteed" Refundable="true" ETicketability="Yes" PlatingCarrier="PK" ProviderCode="1G" Cat35Indicator="false"><air:FareInfoRef Key="uG1M9B7Q2BKA/tnOCAAAAA=="/><air:FareInfoRef Key="uG1M9B7Q2BKAFunOCAAAAA=="/><air:BookingInfo BookingCode="V" BookingCount="9" CabinClass="Economy" FareInfoRef="uG1M9B7Q2BKA/tnOCAAAAA==" SegmentRef="uG1M9B7Q2BKAtunOCAAAAA=="/><air:BookingInfo BookingCode="V" BookingCount="9" CabinClass="Economy" FareInfoRef="uG1M9B7Q2BKAFunOCAAAAA==" SegmentRef="uG1M9B7Q2BKAIunOCAAAAA=="/><air:TaxInfo Category="N9" Amount="PKR25" Key="uG1M9B7Q2BKAwunOCAAAAAAA"/><air:TaxInfo Category="PK" Amount="PKR2400" Key="uG1M9B7Q2BKAxunOCAAAAAAA"/><air:TaxInfo Category="YI" Amount="PKR40" Key="uG1M9B7Q2BKAyunOCAAAAAAA"/><air:TaxInfo Category="PB" Amount="PKR1018" Key="uG1M9B7Q2BKAzunOCAAAAAAA"/><air:FareCalc>KHI PK ISB 75.00VOW1 PK LHE 40.00VOW2 USD115.00END</air:FareCalc><air:PassengerType Code="ADT"/><air:ChangePenalty><air:Amount>PKR2490.0</air:Amount></air:ChangePenalty><air:CancelPenalty><air:Amount>PKR2490.0</air:Amount></air:CancelPenalty></air:AirPricingInfo><air:AirPricingInfo Key="uG1M9B7Q2BKA2unOCAAAAA==" TotalPrice="PKR16628" BasePrice="USD86.00" ApproximateTotalPrice="PKR16628" ApproximateBasePrice="PKR13370" EquivalentBasePrice="PKR13370" Taxes="PKR3258" ApproximateTaxes="PKR3258" LatestTicketingTime="2020-04-16T23:59:00.000+08:00" PricingMethod="Guaranteed" Refundable="true" ETicketability="Yes" PlatingCarrier="PK" ProviderCode="1G" Cat35Indicator="false"><air:FareInfoRef Key="uG1M9B7Q2BKARunOCAAAAA=="/><air:FareInfoRef Key="uG1M9B7Q2BKAXunOCAAAAA=="/><air:BookingInfo BookingCode="V" BookingCount="9" CabinClass="Economy" FareInfoRef="uG1M9B7Q2BKARunOCAAAAA==" SegmentRef="uG1M9B7Q2BKAtunOCAAAAA=="/><air:BookingInfo BookingCode="V" BookingCount="9" CabinClass="Economy" FareInfoRef="uG1M9B7Q2BKAXunOCAAAAA==" SegmentRef="uG1M9B7Q2BKAIunOCAAAAA=="/><air:TaxInfo Category="N9" Amount="PKR25" Key="uG1M9B7Q2BKA3unOCAAAAAAA"/><air:TaxInfo Category="PK" Amount="PKR2400" Key="uG1M9B7Q2BKA4unOCAAAAAAA"/><air:TaxInfo Category="YI" Amount="PKR40" Key="uG1M9B7Q2BKA5unOCAAAAAAA"/><air:TaxInfo Category="PB" Amount="PKR793" Key="uG1M9B7Q2BKA6unOCAAAAAAA"/><air:FareCalc>KHI PK ISB 56.00VOW1CH PK LHE 30.00VOW2CH USD86.00END</air:FareCalc><air:PassengerType Code="CNN" Age="11"/><air:ChangePenalty><air:Amount>PKR2490.0</air:Amount></air:ChangePenalty><air:CancelPenalty><air:Amount>PKR2490.0</air:Amount></air:CancelPenalty></air:AirPricingInfo><air:AirPricingInfo Key="uG1M9B7Q2BKA9unOCAAAAA==" TotalPrice="PKR4553" BasePrice="USD12.00" ApproximateTotalPrice="PKR4553" ApproximateBasePrice="PKR1870" EquivalentBasePrice="PKR1870" Taxes="PKR2683" ApproximateTaxes="PKR2683" LatestTicketingTime="2020-04-16T23:59:00.000+08:00" PricingMethod="Guaranteed" Refundable="true" ETicketability="Yes" PlatingCarrier="PK" ProviderCode="1G" Cat35Indicator="false"><air:FareInfoRef Key="uG1M9B7Q2BKAhunOCAAAAA=="/><air:FareInfoRef Key="uG1M9B7Q2BKAnunOCAAAAA=="/><air:BookingInfo BookingCode="V" BookingCount="9" CabinClass="Economy" FareInfoRef="uG1M9B7Q2BKAhunOCAAAAA==" SegmentRef="uG1M9B7Q2BKAtunOCAAAAA=="/><air:BookingInfo BookingCode="V" BookingCount="9" CabinClass="Economy" FareInfoRef="uG1M9B7Q2BKAnunOCAAAAA==" SegmentRef="uG1M9B7Q2BKAIunOCAAAAA=="/><air:TaxInfo Category="N9" Amount="PKR25" Key="uG1M9B7Q2BKA-unOCAAAAAAA"/><air:TaxInfo Category="PK" Amount="PKR2400" Key="uG1M9B7Q2BKA/unOCAAAAAAA"/><air:TaxInfo Category="YI" Amount="PKR40" Key="uG1M9B7Q2BKAAvnOCAAAAAAA"/><air:TaxInfo Category="PB" Amount="PKR218" Key="uG1M9B7Q2BKABvnOCAAAAAAA"/><air:FareCalc>KHI PK ISB 8.00VOW1IN PK LHE 4.00VOW2IN USD12.00END</air:FareCalc><air:PassengerType Code="INF" Age="1"/><air:ChangePenalty><air:Amount>PKR2490.0</air:Amount></air:ChangePenalty><air:CancelPenalty><air:Amount>PKR2490.0</air:Amount></air:CancelPenalty></air:AirPricingInfo><air:Connection SegmentIndex="0"/></air:AirPricingSolution><air:AirPricingSolution Key="uG1M9B7Q2BKAEvnOCAAAAA==" TotalPrice="PKR42534" BasePrice="USD213.00" ApproximateTotalPrice="PKR42534" ApproximateBasePrice="PKR33110" EquivalentBasePrice="PKR33110" Taxes="PKR9424" ApproximateTaxes="PKR9424"><air:Journey TravelTime="P0DT13H0M0S"><air:AirSegmentRef Key="uG1M9B7Q2BKAFvnOCAAAAA=="/><air:AirSegmentRef Key="uG1M9B7Q2BKA4tnOCAAAAA=="/></air:Journey><air:LegRef Key="uG1M9B7Q2BKA1snOCAAAAA=="/><air:AirPricingInfo Key="uG1M9B7Q2BKAHvnOCAAAAA==" TotalPrice="PKR21353" BasePrice="USD115.00" ApproximateTotalPrice="PKR21353" ApproximateBasePrice="PKR17870" EquivalentBasePrice="PKR17870" Taxes="PKR3483" ApproximateTaxes="PKR3483" LatestTicketingTime="2020-04-16T23:59:00.000+08:00" PricingMethod="Guaranteed" Refundable="true" ETicketability="Yes" PlatingCarrier="PK" ProviderCode="1G" Cat35Indicator="false"><air:FareInfoRef Key="uG1M9B7Q2BKA/tnOCAAAAA=="/><air:FareInfoRef Key="uG1M9B7Q2BKAFunOCAAAAA=="/><air:BookingInfo BookingCode="V" BookingCount="9" CabinClass="Economy" FareInfoRef="uG1M9B7Q2BKA/tnOCAAAAA==" SegmentRef="uG1M9B7Q2BKAFvnOCAAAAA=="/><air:BookingInfo BookingCode="V" BookingCount="9" CabinClass="Economy" FareInfoRef="uG1M9B7Q2BKAFunOCAAAAA==" SegmentRef="uG1M9B7Q2BKA4tnOCAAAAA=="/><air:TaxInfo Category="N9" Amount="PKR25" Key="uG1M9B7Q2BKAIvnOCAAAAAAA"/><air:TaxInfo Category="PK" Amount="PKR2400" Key="uG1M9B7Q2BKAJvnOCAAAAAAA"/><air:TaxInfo Category="YI" Amount="PKR40" Key="uG1M9B7Q2BKAKvnOCAAAAAAA"/><air:TaxInfo Category="PB" Amount="PKR1018" Key="uG1M9B7Q2BKALvnOCAAAAAAA"/><air:FareCalc>KHI PK ISB 75.00VOW1 PK LHE 40.00VOW2 USD115.00END</air:FareCalc><air:PassengerType Code="ADT"/><air:ChangePenalty><air:Amount>PKR2490.0</air:Amount></air:ChangePenalty><air:CancelPenalty><air:Amount>PKR2490.0</air:Amount></air:CancelPenalty></air:AirPricingInfo><air:AirPricingInfo Key="uG1M9B7Q2BKAOvnOCAAAAA==" TotalPrice="PKR16628" BasePrice="USD86.00" ApproximateTotalPrice="PKR16628" ApproximateBasePrice="PKR13370" EquivalentBasePrice="PKR13370" Taxes="PKR3258" ApproximateTaxes="PKR3258" LatestTicketingTime="2020-04-16T23:59:00.000+08:00" PricingMethod="Guaranteed" Refundable="true" ETicketability="Yes" PlatingCarrier="PK" ProviderCode="1G" Cat35Indicator="false"><air:FareInfoRef Key="uG1M9B7Q2BKARunOCAAAAA=="/><air:FareInfoRef Key="uG1M9B7Q2BKAXunOCAAAAA=="/><air:BookingInfo BookingCode="V" BookingCount="9" CabinClass="Economy" FareInfoRef="uG1M9B7Q2BKARunOCAAAAA==" SegmentRef="uG1M9B7Q2BKAFvnOCAAAAA=="/><air:BookingInfo BookingCode="V" BookingCount="9" CabinClass="Economy" FareInfoRef="uG1M9B7Q2BKAXunOCAAAAA==" SegmentRef="uG1M9B7Q2BKA4tnOCAAAAA=="/><air:TaxInfo Category="N9" Amount="PKR25" Key="uG1M9B7Q2BKAPvnOCAAAAAAA"/><air:TaxInfo Category="PK" Amount="PKR2400" Key="uG1M9B7Q2BKAQvnOCAAAAAAA"/><air:TaxInfo Category="YI" Amount="PKR40" Key="uG1M9B7Q2BKARvnOCAAAAAAA"/><air:TaxInfo Category="PB" Amount="PKR793" Key="uG1M9B7Q2BKASvnOCAAAAAAA"/><air:FareCalc>KHI PK ISB 56.00VOW1CH PK LHE 30.00VOW2CH USD86.00END</air:FareCalc><air:PassengerType Code="CNN" Age="11"/><air:ChangePenalty><air:Amount>PKR2490.0</air:Amount></air:ChangePenalty><air:CancelPenalty><air:Amount>PKR2490.0</air:Amount></air:CancelPenalty></air:AirPricingInfo><air:AirPricingInfo Key="uG1M9B7Q2BKAVvnOCAAAAA==" TotalPrice="PKR4553" BasePrice="USD12.00" ApproximateTotalPrice="PKR4553" ApproximateBasePrice="PKR1870" EquivalentBasePrice="PKR1870" Taxes="PKR2683" ApproximateTaxes="PKR2683" LatestTicketingTime="2020-04-16T23:59:00.000+08:00" PricingMethod="Guaranteed" Refundable="true" ETicketability="Yes" PlatingCarrier="PK" ProviderCode="1G" Cat35Indicator="false"><air:FareInfoRef Key="uG1M9B7Q2BKAhunOCAAAAA=="/><air:FareInfoRef Key="uG1M9B7Q2BKAnunOCAAAAA=="/><air:BookingInfo BookingCode="V" BookingCount="9" CabinClass="Economy" FareInfoRef="uG1M9B7Q2BKAhunOCAAAAA==" SegmentRef="uG1M9B7Q2BKAFvnOCAAAAA=="/><air:BookingInfo BookingCode="V" BookingCount="9" CabinClass="Economy" FareInfoRef="uG1M9B7Q2BKAnunOCAAAAA==" SegmentRef="uG1M9B7Q2BKA4tnOCAAAAA=="/><air:TaxInfo Category="N9" Amount="PKR25" Key="uG1M9B7Q2BKAWvnOCAAAAAAA"/><air:TaxInfo Category="PK" Amount="PKR2400" Key="uG1M9B7Q2BKAXvnOCAAAAAAA"/><air:TaxInfo Category="YI" Amount="PKR40" Key="uG1M9B7Q2BKAYvnOCAAAAAAA"/><air:TaxInfo Category="PB" Amount="PKR218" Key="uG1M9B7Q2BKAZvnOCAAAAAAA"/><air:FareCalc>KHI PK ISB 8.00VOW1IN PK LHE 4.00VOW2IN USD12.00END</air:FareCalc><air:PassengerType Code="INF" Age="1"/><air:ChangePenalty><air:Amount>PKR2490.0</air:Amount></air:ChangePenalty><air:CancelPenalty><air:Amount>PKR2490.0</air:Amount></air:CancelPenalty></air:AirPricingInfo><air:Connection SegmentIndex="0"/></air:AirPricingSolution><air:AirPricingSolution Key="uG1M9B7Q2BKAcvnOCAAAAA==" TotalPrice="PKR42534" BasePrice="USD213.00" ApproximateTotalPrice="PKR42534" ApproximateBasePrice="PKR33110" EquivalentBasePrice="PKR33110" Taxes="PKR9424" ApproximateTaxes="PKR9424"><air:Journey TravelTime="P0DT15H15M0S"><air:AirSegmentRef Key="uG1M9B7Q2BKAdvnOCAAAAA=="/><air:AirSegmentRef Key="uG1M9B7Q2BKAIunOCAAAAA=="/></air:Journey><air:LegRef Key="uG1M9B7Q2BKA1snOCAAAAA=="/><air:AirPricingInfo Key="uG1M9B7Q2BKAfvnOCAAAAA==" TotalPrice="PKR21353" BasePrice="USD115.00" ApproximateTotalPrice="PKR21353" ApproximateBasePrice="PKR17870" EquivalentBasePrice="PKR17870" Taxes="PKR3483" ApproximateTaxes="PKR3483" LatestTicketingTime="2020-04-16T23:59:00.000+08:00" PricingMethod="Guaranteed" Refundable="true" ETicketability="Yes" PlatingCarrier="PK" ProviderCode="1G" Cat35Indicator="false"><air:FareInfoRef Key="uG1M9B7Q2BKA/tnOCAAAAA=="/><air:FareInfoRef Key="uG1M9B7Q2BKAFunOCAAAAA=="/><air:BookingInfo BookingCode="V" BookingCount="9" CabinClass="Economy" FareInfoRef="uG1M9B7Q2BKA/tnOCAAAAA==" SegmentRef="uG1M9B7Q2BKAdvnOCAAAAA=="/><air:BookingInfo BookingCode="V" BookingCount="9" CabinClass="Economy" FareInfoRef="uG1M9B7Q2BKAFunOCAAAAA==" SegmentRef="uG1M9B7Q2BKAIunOCAAAAA=="/><air:TaxInfo Category="N9" Amount="PKR25" Key="uG1M9B7Q2BKAgvnOCAAAAAAA"/><air:TaxInfo Category="PK" Amount="PKR2400" Key="uG1M9B7Q2BKAhvnOCAAAAAAA"/><air:TaxInfo Category="YI" Amount="PKR40" Key="uG1M9B7Q2BKAivnOCAAAAAAA"/><air:TaxInfo Category="PB" Amount="PKR1018" Key="uG1M9B7Q2BKAjvnOCAAAAAAA"/><air:FareCalc>KHI PK ISB 75.00VOW1 PK LHE 40.00VOW2 USD115.00END</air:FareCalc><air:PassengerType Code="ADT"/><air:ChangePenalty><air:Amount>PKR2490.0</air:Amount></air:ChangePenalty><air:CancelPenalty><air:Amount>PKR2490.0</air:Amount></air:CancelPenalty></air:AirPricingInfo><air:AirPricingInfo Key="uG1M9B7Q2BKAmvnOCAAAAA==" TotalPrice="PKR16628" BasePrice="USD86.00" ApproximateTotalPrice="PKR16628" ApproximateBasePrice="PKR13370" EquivalentBasePrice="PKR13370" Taxes="PKR3258" ApproximateTaxes="PKR3258" LatestTicketingTime="2020-04-16T23:59:00.000+08:00" PricingMethod="Guaranteed" Refundable="true" ETicketability="Yes" PlatingCarrier="PK" ProviderCode="1G" Cat35Indicator="false"><air:FareInfoRef Key="uG1M9B7Q2BKARunOCAAAAA=="/><air:FareInfoRef Key="uG1M9B7Q2BKAXunOCAAAAA=="/><air:BookingInfo BookingCode="V" BookingCount="9" CabinClass="Economy" FareInfoRef="uG1M9B7Q2BKARunOCAAAAA==" SegmentRef="uG1M9B7Q2BKAdvnOCAAAAA=="/><air:BookingInfo BookingCode="V" BookingCount="9" CabinClass="Economy" FareInfoRef="uG1M9B7Q2BKAXunOCAAAAA==" SegmentRef="uG1M9B7Q2BKAIunOCAAAAA=="/><air:TaxInfo Category="N9" Amount="PKR25" Key="uG1M9B7Q2BKAnvnOCAAAAAAA"/><air:TaxInfo Category="PK" Amount="PKR2400" Key="uG1M9B7Q2BKAovnOCAAAAAAA"/><air:TaxInfo Category="YI" Amount="PKR40" Key="uG1M9B7Q2BKApvnOCAAAAAAA"/><air:TaxInfo Category="PB" Amount="PKR793" Key="uG1M9B7Q2BKAqvnOCAAAAAAA"/><air:FareCalc>KHI PK ISB 56.00VOW1CH PK LHE 30.00VOW2CH USD86.00END</air:FareCalc><air:PassengerType Code="CNN" Age="11"/><air:ChangePenalty><air:Amount>PKR2490.0</air:Amount></air:ChangePenalty><air:CancelPenalty><air:Amount>PKR2490.0</air:Amount></air:CancelPenalty></air:AirPricingInfo><air:AirPricingInfo Key="uG1M9B7Q2BKAtvnOCAAAAA==" TotalPrice="PKR4553" BasePrice="USD12.00" ApproximateTotalPrice="PKR4553" ApproximateBasePrice="PKR1870" EquivalentBasePrice="PKR1870" Taxes="PKR2683" ApproximateTaxes="PKR2683" LatestTicketingTime="2020-04-16T23:59:00.000+08:00" PricingMethod="Guaranteed" Refundable="true" ETicketability="Yes" PlatingCarrier="PK" ProviderCode="1G" Cat35Indicator="false"><air:FareInfoRef Key="uG1M9B7Q2BKAhunOCAAAAA=="/><air:FareInfoRef Key="uG1M9B7Q2BKAnunOCAAAAA=="/><air:BookingInfo BookingCode="V" BookingCount="9" CabinClass="Economy" FareInfoRef="uG1M9B7Q2BKAhunOCAAAAA==" SegmentRef="uG1M9B7Q2BKAdvnOCAAAAA=="/><air:BookingInfo BookingCode="V" BookingCount="9" CabinClass="Economy" FareInfoRef="uG1M9B7Q2BKAnunOCAAAAA==" SegmentRef="uG1M9B7Q2BKAIunOCAAAAA=="/><air:TaxInfo Category="N9" Amount="PKR25" Key="uG1M9B7Q2BKAuvnOCAAAAAAA"/><air:TaxInfo Category="PK" Amount="PKR2400" Key="uG1M9B7Q2BKAvvnOCAAAAAAA"/><air:TaxInfo Category="YI" Amount="PKR40" Key="uG1M9B7Q2BKAwvnOCAAAAAAA"/><air:TaxInfo Category="PB" Amount="PKR218" Key="uG1M9B7Q2BKAxvnOCAAAAAAA"/><air:FareCalc>KHI PK ISB 8.00VOW1IN PK LHE 4.00VOW2IN USD12.00END</air:FareCalc><air:PassengerType Code="INF" Age="1"/><air:ChangePenalty><air:Amount>PKR2490.0</air:Amount></air:ChangePenalty><air:CancelPenalty><air:Amount>PKR2490.0</air:Amount></air:CancelPenalty></air:AirPricingInfo><air:Connection SegmentIndex="0"/></air:AirPricingSolution><air:AirPricingSolution Key="uG1M9B7Q2BKA0vnOCAAAAA==" TotalPrice="PKR42534" BasePrice="USD213.00" ApproximateTotalPrice="PKR42534" ApproximateBasePrice="PKR33110" EquivalentBasePrice="PKR33110" Taxes="PKR9424" ApproximateTaxes="PKR9424"><air:Journey TravelTime="P0DT18H15M0S"><air:AirSegmentRef Key="uG1M9B7Q2BKA2tnOCAAAAA=="/><air:AirSegmentRef Key="uG1M9B7Q2BKAIunOCAAAAA=="/></air:Journey><air:LegRef Key="uG1M9B7Q2BKA1snOCAAAAA=="/><air:AirPricingInfo Key="uG1M9B7Q2BKAAunOCAAAAA==" TotalPrice="PKR21353" BasePrice="USD115.00" ApproximateTotalPrice="PKR21353" ApproximateBasePrice="PKR17870" EquivalentBasePrice="PKR17870" Taxes="PKR3483" ApproximateTaxes="PKR3483" LatestTicketingTime="2020-04-16T23:59:00.000+08:00" PricingMethod="Guaranteed" Refundable="true" ETicketability="Yes" PlatingCarrier="PK" ProviderCode="1G" Cat35Indicator="false"><air:FareInfoRef Key="uG1M9B7Q2BKA/tnOCAAAAA=="/><air:FareInfoRef Key="uG1M9B7Q2BKAFunOCAAAAA=="/><air:BookingInfo BookingCode="V" BookingCount="9" CabinClass="Economy" FareInfoRef="uG1M9B7Q2BKA/tnOCAAAAA==" SegmentRef="uG1M9B7Q2BKA2tnOCAAAAA=="/><air:BookingInfo BookingCode="V" BookingCount="9" CabinClass="Economy" FareInfoRef="uG1M9B7Q2BKAFunOCAAAAA==" SegmentRef="uG1M9B7Q2BKAIunOCAAAAA=="/><air:TaxInfo Category="N9" Amount="PKR25" Key="uG1M9B7Q2BKABunOCAAAAAAA"/><air:TaxInfo Category="PK" Amount="PKR2400" Key="uG1M9B7Q2BKACunOCAAAAAAA"/><air:TaxInfo Category="YI" Amount="PKR40" Key="uG1M9B7Q2BKADunOCAAAAAAA"/><air:TaxInfo Category="PB" Amount="PKR1018" Key="uG1M9B7Q2BKAEunOCAAAAAAA"/><air:FareCalc>KHI PK ISB 75.00VOW1 PK LHE 40.00VOW2 USD115.00END</air:FareCalc><air:PassengerType Code="ADT"/><air:ChangePenalty><air:Amount>PKR2490.0</air:Amount></air:ChangePenalty><air:CancelPenalty><air:Amount>PKR2490.0</air:Amount></air:CancelPenalty></air:AirPricingInfo><air:AirPricingInfo Key="uG1M9B7Q2BKASunOCAAAAA==" TotalPrice="PKR16628" BasePrice="USD86.00" ApproximateTotalPrice="PKR16628" ApproximateBasePrice="PKR13370" EquivalentBasePrice="PKR13370" Taxes="PKR3258" ApproximateTaxes="PKR3258" LatestTicketingTime="2020-04-16T23:59:00.000+08:00" PricingMethod="Guaranteed" Refundable="true" ETicketability="Yes" PlatingCarrier="PK" ProviderCode="1G" Cat35Indicator="false"><air:FareInfoRef Key="uG1M9B7Q2BKARunOCAAAAA=="/><air:FareInfoRef Key="uG1M9B7Q2BKAXunOCAAAAA=="/><air:BookingInfo BookingCode="V" BookingCount="9" CabinClass="Economy" FareInfoRef="uG1M9B7Q2BKARunOCAAAAA==" SegmentRef="uG1M9B7Q2BKA2tnOCAAAAA=="/><air:BookingInfo BookingCode="V" BookingCount="9" CabinClass="Economy" FareInfoRef="uG1M9B7Q2BKAXunOCAAAAA==" SegmentRef="uG1M9B7Q2BKAIunOCAAAAA=="/><air:TaxInfo Category="N9" Amount="PKR25" Key="uG1M9B7Q2BKATunOCAAAAAAA"/><air:TaxInfo Category="PK" Amount="PKR2400" Key="uG1M9B7Q2BKAUunOCAAAAAAA"/><air:TaxInfo Category="YI" Amount="PKR40" Key="uG1M9B7Q2BKAVunOCAAAAAAA"/><air:TaxInfo Category="PB" Amount="PKR793" Key="uG1M9B7Q2BKAWunOCAAAAAAA"/><air:FareCalc>KHI PK ISB 56.00VOW1CH PK LHE 30.00VOW2CH USD86.00END</air:FareCalc><air:PassengerType Code="CNN" Age="11"/><air:ChangePenalty><air:Amount>PKR2490.0</air:Amount></air:ChangePenalty><air:CancelPenalty><air:Amount>PKR2490.0</air:Amount></air:CancelPenalty></air:AirPricingInfo><air:AirPricingInfo Key="uG1M9B7Q2BKAiunOCAAAAA==" TotalPrice="PKR4553" BasePrice="USD12.00" ApproximateTotalPrice="PKR4553" ApproximateBasePrice="PKR1870" EquivalentBasePrice="PKR1870" Taxes="PKR2683" ApproximateTaxes="PKR2683" LatestTicketingTime="2020-04-16T23:59:00.000+08:00" PricingMethod="Guaranteed" Refundable="true" ETicketability="Yes" PlatingCarrier="PK" ProviderCode="1G" Cat35Indicator="false"><air:FareInfoRef Key="uG1M9B7Q2BKAhunOCAAAAA=="/><air:FareInfoRef Key="uG1M9B7Q2BKAnunOCAAAAA=="/><air:BookingInfo BookingCode="V" BookingCount="9" CabinClass="Economy" FareInfoRef="uG1M9B7Q2BKAhunOCAAAAA==" SegmentRef="uG1M9B7Q2BKA2tnOCAAAAA=="/><air:BookingInfo BookingCode="V" BookingCount="9" CabinClass="Economy" FareInfoRef="uG1M9B7Q2BKAnunOCAAAAA==" SegmentRef="uG1M9B7Q2BKAIunOCAAAAA=="/><air:TaxInfo Category="N9" Amount="PKR25" Key="uG1M9B7Q2BKAjunOCAAAAAAA"/><air:TaxInfo Category="PK" Amount="PKR2400" Key="uG1M9B7Q2BKAkunOCAAAAAAA"/><air:TaxInfo Category="YI" Amount="PKR40" Key="uG1M9B7Q2BKAlunOCAAAAAAA"/><air:TaxInfo Category="PB" Amount="PKR218" Key="uG1M9B7Q2BKAmunOCAAAAAAA"/><air:FareCalc>KHI PK ISB 8.00VOW1IN PK LHE 4.00VOW2IN USD12.00END</air:FareCalc><air:PassengerType Code="INF" Age="1"/><air:ChangePenalty><air:Amount>PKR2490.0</air:Amount></air:ChangePenalty><air:CancelPenalty><air:Amount>PKR2490.0</air:Amount></air:CancelPenalty></air:AirPricingInfo><air:Connection SegmentIndex="0"/></air:AirPricingSolution></air:LowFareSearchRsp></SOAP:Body></SOAP:Envelope>